erro,dist
0.7187216281890869,0.5
0.9793593883514404,0.5
1.1663954257965088,0.5
0.4817390441894531,0.5
0.2656733989715576,0.5
0.53729248046875,0.5
0.4243390560150146,0.5
0.5980038642883301,0.5
0.5890793800354004,0.5
0.3247904777526855,0.5
0.7444052696228027,0.5
0.1118068695068359,0.5
0.4709138870239258,0.5
0.5178794860839844,0.5
0.5895533561706543,0.5
0.4924094676971435,0.5
0.5161957740783691,0.5
0.5714383125305176,0.5
0.2934341430664062,0.5
0.186962604522705,0.5
0.1524374485015869,0.5
0.8060197830200195,0.5
0.5705106258392334,0.5
0.6215677261352539,0.5
0.5195095539093018,0.5
0.3362555503845215,0.5
0.6465225219726562,0.5
0.4219155311584472,0.5
0.2262780666351318,0.5
0.24815034866333,0.5
0.3281381130218506,0.5
0.459730863571167,0.5
0.5599367618560791,0.5
0.6167259216308594,0.5
0.1953568458557129,0.5
0.391963243484497,0.5
0.7129395008087158,0.5
0.324711799621582,0.5
0.2565846443176269,0.5
0.4073507785797119,0.5
0.3201220035552978,0.5
0.9862842559814452,0.5
0.4125409126281738,0.5
0.2792019844055176,0.5
0.3574848175048828,0.5
0.4476227760314941,0.5
0.652869701385498,0.5
0.2802116870880127,0.5
0.4123587608337402,0.5
0.7116668224334717,0.5
0.6710238456726074,0.5
0.2739903926849365,0.5
0.3156559467315674,0.5
0.3983407020568847,0.5
0.7326903343200684,0.5
0.5118436813354492,0.5
0.5325703620910645,0.5
0.79111647605896,0.5
0.6063122749328613,0.5
0.3598401546478271,0.5
0.5532910823822021,0.5
0.8813540935516357,0.5
0.432145357131958,0.5
0.3146040439605713,0.5
0.2310583591461181,0.5
0.5644047260284424,0.5
0.7420165538787842,0.5
0.4843151569366455,0.5
0.3006558418273926,0.5
0.4547183513641357,0.5
0.5879626274108887,0.5
0.6700034141540527,0.5
0.3979864120483398,0.5
0.5679526329040527,0.5
0.3746476173400879,0.5
0.5429854393005371,0.5
0.4100480079650879,0.5
0.4346120357513428,0.5
0.5568351745605469,0.5
0.4516639709472656,0.5
0.4381999969482422,0.5
0.9593420028686525,0.5
0.4699714183807373,0.5
0.4562141895294189,0.5
0.6082465648651123,0.5
0.5336761474609375,0.5
1.078887939453125,0.5
0.3476827144622803,0.5
0.6183643341064453,0.5
0.4527697563171386,0.5
0.795851469039917,0.5
0.5242371559143066,0.5
0.4835150241851806,0.5
0.5404539108276367,0.5
0.9995200634002686,0.5
0.1740086078643798,0.5
0.2968621253967285,0.5
0.5174510478973389,0.5
0.4935555458068847,0.5
0.3947710990905761,0.5
-0.2737226486206054,1.0
0.1734259128570556,1.0
-0.4038200378417969,1.0
-0.2879314422607422,1.0
-0.0918765068054199,1.0
0.3714816570281982,1.0
-0.2238204479217529,1.0
0.3955733776092529,1.0
0.1412701606750488,1.0
-0.1944496631622314,1.0
0.3403890132904053,1.0
-0.2360093593597412,1.0
0.4442324638366699,1.0
0.2659759521484375,1.0
0.0442891120910644,1.0
-0.0953054428100586,1.0
-0.2031664848327636,1.0
-0.2584009170532226,1.0
-0.2447202205657959,1.0
0.2600355148315429,1.0
-0.0461282730102539,1.0
0.1594870090484619,1.0
-0.1191816329956054,1.0
0.1002874374389648,1.0
-0.0827360153198242,1.0
-0.1902494430541992,1.0
0.0582678318023681,1.0
0.0176019668579101,1.0
-0.0548768043518066,1.0
0.2410211563110351,1.0
-0.2197022438049316,1.0
0.2898261547088623,1.0
-0.172342300415039,1.0
0.4238533973693847,1.0
-0.1355428695678711,1.0
0.2739002704620361,1.0
0.0605454444885253,1.0
-0.2024919986724853,1.0
0.1446130275726318,1.0
0.03312349319458,1.0
-0.2185149192810058,1.0
0.1473727226257324,1.0
0.05173921585083,1.0
0.0207021236419677,1.0
-0.150151252746582,1.0
0.0309545993804931,1.0
0.3887174129486084,1.0
0.0263934135437011,1.0
-0.1233530044555664,1.0
0.571599006652832,1.0
0.4703826904296875,1.0
-0.0362310409545898,1.0
0.0041697025299072,1.0
-0.0389304161071777,1.0
0.6417465209960938,1.0
0.0186529159545898,1.0
0.1838033199310302,1.0
0.0595216751098632,1.0
0.0513820648193359,1.0
0.1268477439880371,1.0
0.4191038608551025,1.0
0.0604703426361084,1.0
0.1008405685424804,1.0
-0.0942187309265136,1.0
0.4192628860473633,1.0
-0.3713297843933105,1.0
0.0141661167144775,1.0
0.0881071090698242,1.0
-0.3320968151092529,1.0
0.3015875816345215,1.0
0.3536677360534668,1.0
0.3579926490783691,1.0
-0.0630064010620117,1.0
-0.1861629486083984,1.0
-0.0342223644256591,1.0
-0.230750560760498,1.0
0.202117919921875,1.0
0.0505568981170654,1.0
-0.1644227504730224,1.0
0.0778393745422363,1.0
-0.183180570602417,1.0
0.1999573707580566,1.0
-0.3275661468505859,1.0
0.0118892192840576,1.0
-0.1820621490478515,1.0
-0.2393050193786621,1.0
0.6187801361083984,1.0
0.3609433174133301,1.0
-0.1991024017333984,1.0
0.3025870323181152,1.0
0.0180122852325439,1.0
0.1468408107757568,1.0
0.0319688320159912,1.0
0.3285768032073974,1.0
0.541557788848877,1.0
-0.0746188163757324,1.0
0.2506561279296875,1.0
0.2761538028717041,1.0
0.10294771194458,1.0
0.0338172912597656,1.0
-0.4275004863739013,1.5
-0.3908319473266601,1.5
-1.0954289436340332,1.5
0.094677448272705,1.5
-0.4011154174804687,1.5
-0.2031474113464355,1.5
0.0346419811248779,1.5
-0.546959400177002,1.5
-0.1186466217041015,1.5
-0.6928937435150146,1.5
-0.4463028907775879,1.5
-0.0324039459228515,1.5
-0.4659743309020996,1.5
0.0405082702636718,1.5
0.1748826503753662,1.5
-0.9476542472839355,1.5
-0.2081871032714843,1.5
-0.4920475482940674,1.5
0.2024996280670166,1.5
0.2420368194580078,1.5
-0.4152998924255371,1.5
-0.0020458698272705,1.5
-0.4730281829833984,1.5
-0.9421024322509766,1.5
-0.0718193054199218,1.5
-0.1453256607055664,1.5
-0.4463534355163574,1.5
0.4909853935241699,1.5
-0.619722843170166,1.5
-0.2386188507080078,1.5
-0.6070058345794678,1.5
0.1570801734924316,1.5
-0.4406538009643554,1.5
-0.176647663116455,1.5
-0.2815093994140625,1.5
-0.0714893341064453,1.5
-0.3561100959777832,1.5
-0.4310288429260254,1.5
-1.0351688861846924,1.5
-0.7404882907867432,1.5
-0.4994497299194336,1.5
-0.8225052356719971,1.5
-0.3563542366027832,1.5
-0.6666543483734131,1.5
-1.0989954471588137,1.5
-0.2739930152893066,1.5
0.5061798095703125,1.5
-0.5427381992340088,1.5
-0.4924182891845703,1.5
0.0162131786346435,1.5
0.2651734352111816,1.5
-0.7677185535430908,1.5
-0.4471688270568847,1.5
-0.9147138595581056,1.5
-0.4174816608428955,1.5
-0.411855936050415,1.5
-0.2412061691284179,1.5
-0.4743311405181885,1.5
-0.7755870819091797,1.5
-0.3268585205078125,1.5
-0.4896678924560547,1.5
-0.5442121028900146,1.5
-1.223649263381958,1.5
-0.110520601272583,1.5
-0.7819793224334717,1.5
-1.0950438976287842,1.5
-0.9014451503753662,1.5
-0.7093899250030518,1.5
-0.2866055965423584,1.5
-0.4698364734649658,1.5
0.286325454711914,1.5
-0.1307480335235595,1.5
-1.062299728393555,1.5
-0.5379374027252197,1.5
-0.1799254417419433,1.5
-0.435945987701416,1.5
-0.1891913414001464,1.5
-0.3725354671478271,1.5
-0.3138327598571777,1.5
0.3233656883239746,1.5
-0.738415002822876,1.5
0.1202390193939209,1.5
-0.9201765060424804,1.5
-0.6131067276000977,1.5
-0.3724908828735351,1.5
-0.0871543884277343,1.5
0.1259660720825195,1.5
0.0236742496490478,1.5
-0.2921304702758789,1.5
-0.5148253440856934,1.5
-0.3204076290130615,1.5
-0.2377874851226806,1.5
0.0482115745544433,1.5
-0.0023322105407714,1.5
-0.2343060970306396,1.5
-0.5563173294067383,1.5
-0.4357683658599853,1.5
-0.2241959571838379,1.5
-0.8617053031921387,1.5
-0.1717004776000976,1.5
0.0624322891235351,2.0
0.0973649024963378,2.0
-0.0567021369934082,2.0
0.0200667381286621,2.0
-0.1516327857971191,2.0
-0.0211095809936523,2.0
0.1423163414001464,2.0
-0.0059695243835449,2.0
0.0020051002502441,2.0
-0.225344181060791,2.0
0.1035671234130859,2.0
-0.0557236671447753,2.0
0.2271361351013183,2.0
0.0305328369140625,2.0
-0.0234937667846679,2.0
-0.1233339309692382,2.0
-0.0199360847473144,2.0
0.1306791305541992,2.0
-0.0705547332763671,2.0
0.0620718002319335,2.0
-0.1516318321228027,2.0
0.106816291809082,2.0
-0.053412914276123,2.0
0.1949543952941894,2.0
-0.1379275321960449,2.0
0.1804256439208984,2.0
0.0723614692687988,2.0
-0.1818094253540039,2.0
0.0146775245666503,2.0
0.0384869575500488,2.0
0.155252456665039,2.0
-0.1427206993103027,2.0
-0.0184578895568847,2.0
0.0302367210388183,2.0
-0.1016826629638671,2.0
0.0243921279907226,2.0
0.1014485359191894,2.0
0.0130834579467773,2.0
0.0222387313842773,2.0
0.1161761283874511,2.0
-0.1737837791442871,2.0
-0.2427763938903808,2.0
-0.0281567573547363,2.0
0.0492043495178222,2.0
0.0320324897766113,2.0
-0.1860041618347168,2.0
-0.1406035423278808,2.0
0.1628637313842773,2.0
0.0974655151367187,2.0
0.0847530364990234,2.0
-0.0357265472412109,2.0
-0.1059842109680175,2.0
-0.0567970275878906,2.0
-0.0537829399108886,2.0
-0.0390419960021972,2.0
-0.036259651184082,2.0
0.093353271484375,2.0
-0.0847454071044921,2.0
-0.1235394477844238,2.0
-0.2033972740173339,2.0
0.2231874465942382,2.0
-0.0380716323852539,2.0
-0.0807151794433593,2.0
-0.1344137191772461,2.0
0.1463651657104492,2.0
0.1317362785339355,2.0
0.0617775917053222,2.0
0.0696148872375488,2.0
-0.0606646537780761,2.0
0.0196657180786132,2.0
-0.0043749809265136,2.0
0.0585074424743652,2.0
-0.2534360885620117,2.0
0.0020051002502441,2.0
-0.0821723937988281,2.0
0.0196485519409179,2.0
-0.0298295021057128,2.0
-0.0284695625305175,2.0
-0.1236281394958496,2.0
0.0017623901367187,2.0
-0.1128020286560058,2.0
-0.0082197189331054,2.0
-0.1377215385437011,2.0
-0.0112004280090332,2.0
0.037388801574707,2.0
0.0194001197814941,2.0
-0.0604362487792968,2.0
0.0688905715942382,2.0
-0.1289191246032714,2.0
0.0236153602600097,2.0
0.1058158874511718,2.0
-0.0219011306762695,2.0
-0.0849127769470214,2.0
0.1014485359191894,2.0
-0.0323948860168457,2.0
-0.0466656684875488,2.0
-0.1471214294433593,2.0
0.0596899986267089,2.0
-0.0352635383605957,2.0
0.0299439430236816,2.0
1.160327434539795,2.5
1.3121275901794434,2.5
1.3955192565917969,2.5
0.8392219543457031,2.5
1.4215550422668457,2.5
1.358386516571045,2.5
0.8920454978942871,2.5
1.4173336029052734,2.5
1.1160993576049805,2.5
2.374497890472412,2.5
1.6122241020202637,2.5
1.3532023429870603,2.5
1.6376376152038574,2.5
1.3637819290161133,2.5
1.0629167556762695,2.5
1.350400447845459,2.5
1.7977824211120603,2.5
1.5721850395202637,2.5
0.6821122169494629,2.5
0.892613410949707,2.5
1.565539836883545,2.5
1.5734591484069824,2.5
1.606015682220459,2.5
1.016139030456543,2.5
1.257798671722412,2.5
1.296705722808838,2.5
1.191420078277588,2.5
1.074899196624756,2.5
1.557675838470459,2.5
1.2728667259216309,2.5
0.8959469795227051,2.5
0.958204746246338,2.5
1.3341526985168457,2.5
1.4041147232055664,2.5
1.000119686126709,2.5
1.842273235321045,2.5
1.8706021308898928,2.5
1.1266112327575684,2.5
0.9107403755187988,2.5
1.7074742317199707,2.5
1.4146995544433594,2.5
2.3013815879821777,2.5
0.6408920288085938,2.5
2.003437042236328,2.5
1.571631908416748,2.5
1.246333122253418,2.5
1.4111442565917969,2.5
1.275001049041748,2.5
1.0270843505859375,2.5
1.442495822906494,2.5
1.524332046508789,2.5
1.0494704246520996,2.5
1.2165570259094238,2.5
1.98742151260376,2.5
1.710831642150879,2.5
0.9234185218811036,2.5
1.451880931854248,2.5
1.2812271118164062,2.5
1.677250862121582,2.5
1.430308818817139,2.5
1.2672877311706543,2.5
0.6941723823547363,2.5
2.075788974761963,2.5
1.554593563079834,2.5
1.8360862731933596,2.5
1.0771684646606443,2.5
1.046220779418945,2.5
1.4759011268615725,2.5
1.4082999229431152,2.5
1.2398619651794434,2.5
1.3903002738952637,2.5
1.0658583641052246,2.5
0.9503450393676758,2.5
1.8143372535705569,2.5
1.177243709564209,2.5
1.4461264610290527,2.5
1.0070319175720217,2.5
1.1912083625793457,2.5
1.5562348365783691,2.5
1.0776033401489258,2.5
0.8824715614318848,2.5
1.510709285736084,2.5
1.3776803016662598,2.5
0.9871997833251952,2.5
1.7861475944519043,2.5
1.6995601654052734,2.5
1.2797727584838867,2.5
0.7511987686157227,2.5
1.8466238975524905,2.5
1.4397025108337402,2.5
1.022327899932861,2.5
0.9703755378723145,2.5
1.792508602142334,2.5
1.9386229515075684,2.5
0.9662184715270996,2.5
1.2880373001098633,2.5
1.1994633674621582,2.5
1.7711358070373535,2.5
1.4455580711364746,2.5
1.410250186920166,2.5
0.6664900779724121,3.0
0.607396125793457,3.0
0.4870996475219726,3.0
0.1598048210144043,3.0
0.3804860115051269,3.0
1.5533242225646973,3.0
0.8710365295410156,3.0
0.970402717590332,3.0
0.2768282890319824,3.0
0.7576074600219727,3.0
1.397139549255371,3.0
0.3423781394958496,3.0
0.3344569206237793,3.0
0.8563961982727051,3.0
0.6535458564758301,3.0
0.9623260498046876,3.0
0.3001623153686523,3.0
0.5036654472351074,3.0
0.5733809471130371,3.0
0.6279587745666504,3.0
0.0169224739074707,3.0
0.6358428001403809,3.0
1.2227139472961426,3.0
0.0241956710815429,3.0
0.6380724906921387,3.0
0.1158633232116699,3.0
1.0026540756225586,3.0
0.2416262626647949,3.0
0.5657687187194824,3.0
0.4527411460876465,3.0
0.6040492057800293,3.0
0.5902838706970215,3.0
0.4156394004821777,3.0
0.1160063743591308,3.0
0.5335798263549805,3.0
0.3663763999938965,3.0
1.2035870552062988,3.0
0.8232922554016113,3.0
0.8722271919250488,3.0
1.1166119575500488,3.0
0.4519691467285156,3.0
0.0948281288146972,3.0
1.006615161895752,3.0
0.7421555519104004,3.0
0.642723560333252,3.0
0.937462329864502,3.0
0.4747142791748047,3.0
0.5049853324890137,3.0
0.3233976364135742,3.0
1.0056748390197754,3.0
0.472477912902832,3.0
0.8261289596557617,3.0
1.6517539024353027,3.0
0.6693358421325684,3.0
0.330899715423584,3.0
0.7303466796875,3.0
1.2346782684326172,3.0
1.1334466934204102,3.0
0.534273624420166,3.0
0.7401595115661621,3.0
1.6812901496887207,3.0
0.5145583152770996,3.0
0.8588500022888184,3.0
0.5962495803833008,3.0
0.4698901176452636,3.0
0.8588871955871582,3.0
0.7215886116027832,3.0
0.8109374046325684,3.0
0.222661018371582,3.0
0.6809983253479004,3.0
0.7301650047302246,3.0
0.9910273551940918,3.0
0.5352144241333008,3.0
0.4336709976196289,3.0
2.031878471374512,3.0
0.798825740814209,3.0
0.9767341613769532,3.0
0.5905003547668457,3.0
0.6195979118347168,3.0
0.1347079277038574,3.0
1.172506332397461,3.0
-0.1151456832885742,3.0
0.8211331367492676,3.0
0.6184296607971191,3.0
-0.0059328079223632,3.0
1.2542996406555176,3.0
1.0319581031799316,3.0
0.4720087051391601,3.0
0.5971875190734863,3.0
1.1026062965393066,3.0
0.2151126861572265,3.0
0.0395340919494628,3.0
0.5327486991882324,3.0
0.0366382598876953,3.0
0.7556767463684082,3.0
0.342872142791748,3.0
0.2784476280212402,3.0
1.038487434387207,3.0
0.5851054191589355,3.0
1.5934500694274902,3.0
-0.1004085540771484,3.5
-0.2251486778259277,3.5
0.1109247207641601,3.5
0.1826047897338867,3.5
0.509544849395752,3.5
0.0849509239196777,3.5
0.5678563117980957,3.5
0.058511734008789,3.5
0.0431008338928222,3.5
-0.0883879661560058,3.5
0.2409925460815429,3.5
-0.0296740531921386,3.5
0.238591194152832,3.5
0.2057290077209472,3.5
0.7546048164367676,3.5
-0.2025532722473144,3.5
0.3202857971191406,3.5
0.0960354804992675,3.5
0.3577203750610351,3.5
0.029911994934082,3.5
0.1398682594299316,3.5
0.5993814468383789,3.5
0.2951512336730957,3.5
0.2346477508544922,3.5
0.6628365516662598,3.5
0.8794989585876465,3.5
-0.0024518966674804,3.5
0.1227693557739257,3.5
0.3203773498535156,3.5
0.0737967491149902,3.5
-0.0908513069152832,3.5
-0.0569825172424316,3.5
0.0778307914733886,3.5
0.297335147857666,3.5
0.6263413429260254,3.5
0.7675948143005371,3.5
-0.1733136177062988,3.5
0.3864378929138183,3.5
-0.0709404945373535,3.5
0.2750115394592285,3.5
-0.2724623680114746,3.5
0.1898074150085449,3.5
0.0347990989685058,3.5
0.1540231704711914,3.5
0.0195651054382324,3.5
-0.1327791213989257,3.5
0.2283768653869629,3.5
0.2992777824401855,3.5
0.07196044921875,3.5
0.3628182411193847,3.5
0.024360179901123,3.5
0.2121524810791015,3.5
-0.0754675865173339,3.5
0.2779073715209961,3.5
0.4222011566162109,3.5
0.0348143577575683,3.5
-0.1024279594421386,3.5
0.0620169639587402,3.5
0.2680573463439941,3.5
0.3158402442932129,3.5
0.0597333908081054,3.5
0.1190938949584961,3.5
-0.2008514404296875,3.5
0.0167975425720214,3.5
0.4216041564941406,3.5
0.0869302749633789,3.5
0.0824227333068847,3.5
0.8283810615539551,3.5
0.0721321105957031,3.5
-0.0772023200988769,3.5
0.3539748191833496,3.5
0.0216174125671386,3.5
0.3114275932312011,3.5
0.8616933822631836,3.5
-0.1132645606994628,3.5
0.4967856407165527,3.5
0.3967404365539551,3.5
0.1044821739196777,3.5
1.0014491081237793,3.5
0.049544334411621,3.5
0.4430327415466308,3.5
0.1801362037658691,3.5
0.6086525917053223,3.5
0.8963494300842285,3.5
-0.0640215873718261,3.5
0.3809032440185547,3.5
0.096717357635498,3.5
0.0628256797790527,3.5
0.5817370414733887,3.5
-0.0419096946716308,3.5
0.5342693328857422,3.5
-0.1124854087829589,3.5
0.0939264297485351,3.5
0.5593047142028809,3.5
0.3698534965515136,3.5
0.3911643028259277,3.5
0.6794519424438477,3.5
-0.1109356880187988,3.5
0.22808837890625,3.5
0.0650506019592285,3.5
-0.2102952003479004,4.0
-0.4872651100158691,4.0
0.0458111763000488,4.0
-0.0990967750549316,4.0
0.1737432479858398,4.0
-0.3083786964416504,4.0
-1.012399673461914,4.0
-1.0425543785095217,4.0
-0.2288603782653808,4.0
-0.6972050666809082,4.0
-0.5952849388122559,4.0
-0.01898193359375,4.0
-0.3907122611999511,4.0
-0.4235315322875976,4.0
-0.5131077766418457,4.0
-0.4544320106506347,4.0
-0.0965409278869628,4.0
-0.5117583274841309,4.0
-1.3830633163452148,4.0
-0.2295060157775879,4.0
-0.5825304985046387,4.0
-0.2060179710388183,4.0
-0.5377049446105957,4.0
-0.7018513679504395,4.0
-0.342252254486084,4.0
0.1262803077697754,4.0
-0.24052095413208,4.0
-0.3906621932983398,4.0
-0.6306076049804688,4.0
-0.8363504409790039,4.0
-0.1793217658996582,4.0
-0.563514232635498,4.0
-0.9608807563781738,4.0
-0.9581270217895508,4.0
-0.1866235733032226,4.0
0.1631827354431152,4.0
-0.6153416633605957,4.0
-0.423586368560791,4.0
0.2649049758911133,4.0
-0.8296241760253906,4.0
-0.5946378707885742,4.0
-0.5227866172790527,4.0
-0.8275146484375,4.0
-0.7686729431152344,4.0
-0.3383641242980957,4.0
-0.4262299537658691,4.0
-0.3680844306945801,4.0
-0.5604500770568848,4.0
-0.6122174263000488,4.0
-0.8792266845703125,4.0
-0.955742359161377,4.0
0.0275821685791015,4.0
-0.284609317779541,4.0
-0.1121482849121093,4.0
-0.0860562324523925,4.0
-0.4996800422668457,4.0
-0.435035228729248,4.0
-0.9977669715881348,4.0
-0.7348484992980957,4.0
-0.2229466438293457,4.0
-0.8464365005493164,4.0
-0.4169931411743164,4.0
-0.1036286354064941,4.0
-0.2932171821594238,4.0
-0.7818360328674316,4.0
-0.9427876472473145,4.0
-0.3432421684265136,4.0
-0.023991584777832,4.0
-0.7669124603271484,4.0
-0.8393888473510742,4.0
-0.9412102699279784,4.0
-0.4317526817321777,4.0
-0.2358527183532714,4.0
-0.4088349342346191,4.0
-0.4711174964904785,4.0
-0.7323031425476074,4.0
-0.5597376823425293,4.0
-1.0172858238220217,4.0
-0.2823219299316406,4.0
-0.5590500831604004,4.0
-0.2400665283203125,4.0
-0.6507163047790527,4.0
-0.7945394515991211,4.0
0.1556081771850586,4.0
-1.1386356353759766,4.0
-0.9572668075561525,4.0
-1.0798187255859375,4.0
-1.184347152709961,4.0
-0.2224950790405273,4.0
-0.741091251373291,4.0
-0.6506514549255371,4.0
-1.093071460723877,4.0
-0.2440171241760254,4.0
-1.1159138679504397,4.0
-0.6288795471191406,4.0
-0.7117538452148438,4.0
-0.0202569961547851,4.0
-0.7702126502990723,4.0
-0.8003478050231934,4.0
-0.3110265731811523,4.0
-0.4078526496887207,4.5
-0.5603213310241699,4.5
-0.0985417366027832,4.5
0.2303056716918945,4.5
-0.1547551155090332,4.5
-0.0908427238464355,4.5
-0.27423095703125,4.5
-0.4177250862121582,4.5
0.7353200912475586,4.5
-0.2579269409179687,4.5
-0.7754306793212891,4.5
-0.5914397239685059,4.5
0.3122744560241699,4.5
-0.3346457481384277,4.5
-0.2465453147888183,4.5
-0.528679370880127,4.5
-0.6081252098083496,4.5
0.298126220703125,4.5
-0.0349411964416503,4.5
-0.2170729637145996,4.5
-0.1403727531433105,4.5
-0.5713686943054199,4.5
-0.2330965995788574,4.5
-0.3871388435363769,4.5
0.3570966720581054,4.5
0.3473172187805176,4.5
-0.3392314910888672,4.5
-0.9158673286437988,4.5
0.2555351257324219,4.5
0.0425562858581543,4.5
-0.0700163841247558,4.5
-0.615818977355957,4.5
0.0497326850891113,4.5
-0.2415251731872558,4.5
0.2048993110656738,4.5
0.3529095649719238,4.5
-0.1759190559387207,4.5
-0.6206717491149902,4.5
-0.2324795722961425,4.5
0.0327749252319335,4.5
-0.2295384407043457,4.5
0.1859278678894043,4.5
-0.3214716911315918,4.5
-0.1069798469543457,4.5
-0.874873161315918,4.5
0.0704541206359863,4.5
0.0556964874267578,4.5
-0.3255376815795898,4.5
-0.8942561149597168,4.5
-0.4925332069396972,4.5
-0.6932854652404785,4.5
-0.8176865577697754,4.5
-0.1361546516418457,4.5
-0.6754822731018066,4.5
-0.0148138999938964,4.5
-0.2130179405212402,4.5
-0.2376084327697754,4.5
0.026766300201416,4.5
0.6340737342834473,4.5
-0.3204808235168457,4.5
-0.010200023651123,4.5
-0.8641180992126465,4.5
0.0814762115478515,4.5
-0.0929903984069824,4.5
0.0116171836853027,4.5
-0.3510708808898926,4.5
-0.3012194633483886,4.5
0.4643535614013672,4.5
-0.104255199432373,4.5
0.2450928688049316,4.5
-0.308560848236084,4.5
0.1343388557434082,4.5
0.7439923286437988,4.5
0.809328556060791,4.5
-0.5108671188354492,4.5
-0.3386921882629394,4.5
0.9676761627197266,4.5
0.2248978614807129,4.5
0.2497735023498535,4.5
-0.3396968841552734,4.5
0.3854765892028808,4.5
0.0074129104614257,4.5
-0.4456415176391601,4.5
-0.3357024192810058,4.5
-0.3230032920837402,4.5
0.2995128631591797,4.5
-0.1644144058227539,4.5
-0.1722121238708496,4.5
0.0665631294250488,4.5
-0.6350903511047363,4.5
0.0590167045593261,4.5
0.3547043800354004,4.5
0.532325267791748,4.5
-0.2926220893859863,4.5
0.1574873924255371,4.5
0.1322698593139648,4.5
-0.2761998176574707,4.5
-1.0339927673339844,4.5
-0.0517354011535644,4.5
0.3233637809753418,4.5
-1.909787654876709,5.0
-2.2665700912475586,5.0
-2.136077404022217,5.0
-2.308156490325928,5.0
-1.4863691329956057,5.0
-1.4877095222473145,5.0
-1.7855477333068848,5.0
-1.8182244300842283,5.0
-2.338908672332764,5.0
-2.05397367477417,5.0
-1.656287670135498,5.0
-1.8513340950012207,5.0
-1.7321176528930664,5.0
-2.2446837425231934,5.0
-1.7560296058654783,5.0
-1.7822680473327637,5.0
-1.422520637512207,5.0
-1.7500395774841309,5.0
-1.881398677825928,5.0
-2.181300640106201,5.0
-2.130871295928955,5.0
-1.797924518585205,5.0
-1.962796688079834,5.0
-2.2437663078308105,5.0
-1.7030234336853027,5.0
-1.7241268157958984,5.0
-1.7708888053894043,5.0
-2.0151853561401367,5.0
-1.8453288078308103,5.0
-2.196178436279297,5.0
-1.7933716773986816,5.0
-2.368231773376465,5.0
-2.426774501800537,5.0
-2.189143657684326,5.0
-1.7790608406066897,5.0
-1.6830058097839355,5.0
-1.9818472862243648,5.0
-1.246335506439209,5.0
-1.8334221839904783,5.0
-2.1585636138916016,5.0
-2.001589298248291,5.0
-1.8413214683532717,5.0
-1.810460090637207,5.0
-1.8930320739746092,5.0
-1.896568298339844,5.0
-1.858431339263916,5.0
-1.9287457466125488,5.0
-2.01499605178833,5.0
-1.5831303596496582,5.0
-1.768669605255127,5.0
-1.9904065132141116,5.0
-1.9731898307800293,5.0
-1.6296720504760742,5.0
-2.049471378326416,5.0
-1.690941333770752,5.0
-2.199897766113281,5.0
-1.6878180503845217,5.0
-2.005814552307129,5.0
-1.820697784423828,5.0
-1.9422850608825684,5.0
-1.6872854232788086,5.0
-1.9082179069519043,5.0
-2.2504425048828125,5.0
-2.158244609832764,5.0
-1.2674593925476074,5.0
-2.1026406288146973,5.0
-2.001323699951172,5.0
-1.8885817527771,5.0
-2.10854721069336,5.0
-2.175789356231689,5.0
-1.6034221649169922,5.0
-2.179015636444092,5.0
-1.5852093696594238,5.0
-2.2355971336364746,5.0
-2.228462219238281,5.0
-1.906740665435791,5.0
-1.9061665534973145,5.0
-1.4436888694763184,5.0
-2.0311408042907715,5.0
-1.5933499336242676,5.0
-1.5404677391052246,5.0
-2.174755573272705,5.0
-1.7263736724853516,5.0
-1.4823589324951172,5.0
-2.0824551582336426,5.0
-1.884899616241455,5.0
-1.81691312789917,5.0
-1.7088642120361328,5.0
-2.06655216217041,5.0
-1.9310221672058103,5.0
-2.092264175415039,5.0
-2.1004843711853027,5.0
-2.186316967010498,5.0
-1.666581153869629,5.0
-1.8166484832763672,5.0
-1.97302770614624,5.0
-1.982520580291748,5.0
-1.865806579589844,5.0
-1.6998114585876465,5.0
-1.9346365928649905,5.0
-1.1808152198791504,5.5
-1.0431809425354004,5.5
-0.7501640319824219,5.5
-1.1713438034057615,5.5
-0.7912359237670898,5.5
-1.3024373054504397,5.5
-0.5953006744384766,5.5
-0.966899871826172,5.5
-0.5311179161071777,5.5
-1.3881192207336426,5.5
-0.9792690277099608,5.5
-0.9145736694335938,5.5
-0.7081480026245117,5.5
-0.5499606132507324,5.5
-1.2746572494506836,5.5
-0.7441296577453613,5.5
-0.8095149993896484,5.5
-0.5007243156433105,5.5
-1.372392654418945,5.5
-0.8205423355102539,5.5
-0.9158873558044434,5.5
-1.2520790100097656,5.5
-1.1145362854003906,5.5
-1.0673632621765137,5.5
-0.2438859939575195,5.5
-1.3352546691894531,5.5
-0.4929866790771484,5.5
-0.6025662422180176,5.5
-0.3520598411560058,5.5
-0.4729089736938476,5.5
-0.689786434173584,5.5
-0.584801197052002,5.5
-0.8439426422119141,5.5
-1.1215229034423828,5.5
-1.2677655220031738,5.5
-1.0490055084228516,5.5
-1.1617398262023926,5.5
-0.9241843223571776,5.5
-0.5833358764648438,5.5
-0.7617244720458984,5.5
-0.8791208267211914,5.5
-0.7885923385620117,5.5
-1.106102466583252,5.5
-0.2704005241394043,5.5
-1.2995095252990725,5.5
-0.9055099487304688,5.5
-1.062455654144287,5.5
-0.8061633110046387,5.5
-1.3198657035827637,5.5
-0.8873577117919922,5.5
-1.1182832717895508,5.5
-0.4355216026306152,5.5
-0.6647262573242188,5.5
-1.3444499969482422,5.5
-0.9464383125305176,5.5
-1.4132981300354004,5.5
-0.5231308937072754,5.5
-0.6137199401855469,5.5
-0.1474223136901855,5.5
-1.0528912544250488,5.5
-1.3942179679870603,5.5
-0.667147159576416,5.5
-0.6756443977355957,5.5
-0.5585451126098633,5.5
-1.0700407028198242,5.5
-0.8488636016845703,5.5
-1.0067501068115234,5.5
-1.189252853393555,5.5
0.1283841133117675,5.5
-0.389772891998291,5.5
-0.654106616973877,5.5
-0.6184258460998535,5.5
-0.6229724884033203,5.5
-0.9841303825378418,5.5
-0.4791960716247558,5.5
-0.6680889129638672,5.5
-1.4176201820373535,5.5
-0.9641070365905762,5.5
-1.3385047912597656,5.5
-0.9630608558654784,5.5
-0.9549679756164552,5.5
-0.9631967544555664,5.5
-0.5044245719909668,5.5
-0.9242262840270996,5.5
-1.1741986274719238,5.5
-1.0071721076965332,5.5
-0.7070331573486328,5.5
-0.8265352249145508,5.5
-0.865999698638916,5.5
-1.2014546394348145,5.5
-0.4472279548645019,5.5
-0.7512602806091309,5.5
-0.6694817543029785,5.5
-0.5416779518127441,5.5
-0.6568021774291992,5.5
-1.1485791206359863,5.5
-0.8577389717102051,5.5
-0.975369930267334,5.5
-1.3656201362609863,5.5
-0.9276413917541504,5.5
-0.4393606185913086,6.0
-1.189991474151611,6.0
-1.4488654136657717,6.0
-0.2178492546081543,6.0
-1.3180923461914062,6.0
-1.4428062438964844,6.0
-1.1909027099609375,6.0
-1.051964282989502,6.0
-1.743262767791748,6.0
-1.1875224113464355,6.0
-1.3659682273864746,6.0
-0.6516070365905762,6.0
-1.45111083984375,6.0
-1.452385425567627,6.0
-2.5726513862609863,6.0
-0.1553273200988769,6.0
-1.3938021659851074,6.0
-1.3619942665100098,6.0
-0.609738826751709,6.0
-1.2218070030212402,6.0
-1.6067805290222168,6.0
-1.0549931526184082,6.0
-0.3636260032653808,6.0
-1.077624797821045,6.0
-1.1651759147644043,6.0
-1.1713523864746094,6.0
-1.8958230018615725,6.0
0.2043404579162597,6.0
-1.359084129333496,6.0
-1.6055374145507812,6.0
-0.7074804306030273,6.0
-2.3640236854553223,6.0
-1.268842697143555,6.0
-2.069655418395996,6.0
-1.817026138305664,6.0
-0.5857257843017578,6.0
-1.06380033493042,6.0
-0.9004788398742676,6.0
-1.65037202835083,6.0
-1.1659693717956543,6.0
-0.8863463401794434,6.0
-0.5910735130310059,6.0
-2.409689426422119,6.0
-2.119154453277588,6.0
-2.1948046684265137,6.0
-1.9596314430236816,6.0
-1.303234577178955,6.0
-1.7847533226013184,6.0
-2.140191078186035,6.0
-1.3636140823364258,6.0
-2.011281490325928,6.0
-0.3974108695983886,6.0
-2.1173243522644043,6.0
-1.4587640762329102,6.0
-1.4295525550842283,6.0
-1.1522269248962402,6.0
-0.666473388671875,6.0
-0.193488597869873,6.0
-1.5032086372375488,6.0
-1.2949137687683103,6.0
-1.3238825798034668,6.0
-1.3357791900634766,6.0
-1.378927230834961,6.0
-1.147627353668213,6.0
-1.5196003913879397,6.0
-0.6717281341552734,6.0
-2.334834575653076,6.0
-1.416088581085205,6.0
-0.649146556854248,6.0
-1.6958622932434082,6.0
-1.765427589416504,6.0
-1.3771157264709473,6.0
-1.069826602935791,6.0
-0.7595791816711426,6.0
-0.989614486694336,6.0
-1.171727180480957,6.0
-1.100757122039795,6.0
-0.9977335929870604,6.0
-0.3803625106811523,6.0
-2.06592321395874,6.0
-0.2774262428283691,6.0
-1.327596664428711,6.0
-0.8076877593994141,6.0
-0.5945591926574707,6.0
-0.4514327049255371,6.0
-2.4416608810424805,6.0
-0.8318853378295898,6.0
-1.868701934814453,6.0
0.4347977638244629,6.0
-1.3736538887023926,6.0
-2.2705931663513184,6.0
-2.4246459007263184,6.0
0.637453556060791,6.0
-2.0749998092651367,6.0
-1.5016131401062012,6.0
-0.0242152214050292,6.0
-1.0274367332458496,6.0
-2.0072479248046875,6.0
-0.1300702095031738,6.0
-1.377182960510254,6.0
