erro,dist
-0.0024518966674804688,3.5
-0.12353944778442383,2.0
0.3476827144622803,0.5
-0.9145736694335938,5.5
-1.5404677391052246,5.0
0.05055689811706543,1.0
0.19995737075805664,1.0
-0.11514568328857422,3.0
-0.2921304702758789,1.5
-2.5726513862609863,6.0
1.358386516571045,2.5
0.22266101837158203,3.0
0.5429854393005371,0.5
0.10144853591918945,2.0
1.4303088188171387,2.5
-1.3024373054504395,5.5
0.03196883201599121,1.0
-1.906740665435791,5.0
-0.20255327224731445,3.5
-1.3881192207336426,5.5
-1.012399673461914,4.0
-0.22886037826538086,4.0
0.35772037506103516,3.5
0.9676761627197266,4.5
1.792508602142334,2.5
0.09736490249633789,2.0
-0.609738826751709,6.0
-0.9792690277099609,5.5
-0.11864662170410156,1.5
1.6995601654052734,2.5
0.3233976364135742,3.0
-0.4463028907775879,1.5
-1.6872854232788086,5.0
-0.5311179161071777,5.5
-0.32756614685058594,1.0
-0.44564151763916016,4.5
-2.001323699951172,5.0
2.0318784713745117,3.0
0.8392219543457031,2.5
-0.7501640319824219,5.5
0.24977350234985352,4.5
-0.955742359161377,4.0
0.3423781394958496,3.0
0.6380724906921387,3.0
0.2761538028717041,1.0
0.2248978614807129,4.5
0.6700034141540527,0.5
0.033817291259765625,1.0
-0.8791208267211914,5.5
-0.9421024322509766,1.5
-2.1757893562316895,5.0
0.3809032440185547,3.5
-1.8885817527770996,5.0
0.8963494300842285,3.5
-0.5833358764648438,5.5
0.5733809471130371,3.0
-0.7348484992980957,4.0
-0.435945987701416,1.5
1.524332046508789,2.5
0.20434045791625977,6.0
-1.6055374145507812,6.0
0.03848695755004883,2.0
-0.284609317779541,4.0
0.10294771194458008,1.0
0.027582168579101562,4.0
-0.4924182891845703,1.5
-1.0339927673339844,4.5
-0.7677185535430908,1.5
0.22627806663513184,0.5
-1.3659682273864746,6.0
0.541557788848877,1.0
-0.7074804306030273,6.0
0.3547043800354004,4.5
0.1540231704711914,3.5
-0.5604500770568848,4.0
0.18980741500854492,3.5
-2.2504425048828125,5.0
-1.0490055084228516,5.5
0.8060197830200195,0.5
0.07045412063598633,4.5
-0.03422236442565918,1.0
-0.5499606132507324,5.5
-1.1215229034423828,5.5
-1.6878180503845215,5.0
1.350400447845459,2.5
0.18696260452270508,0.5
-0.584801197052002,5.5
0.29343414306640625,0.5
-1.6296720504760742,5.0
-0.32553768157958984,4.5
0.07783937454223633,1.0
0.6195979118347168,3.0
-0.183180570602417,1.0
-0.18206214904785156,1.0
-0.05698251724243164,3.5
-0.4896678924560547,1.5
0.11180686950683594,0.5
0.7444052696228027,0.5
0.35290956497192383,4.5
-0.6516070365905762,6.0
-0.7117538452148438,4.0
0.03663825988769531,3.0
-0.5857257843017578,6.0
-2.01499605178833,5.0
-0.47290897369384766,5.5
0.42433905601501465,0.5
0.0425562858581543,4.5
0.2656733989715576,0.5
-1.666581153869629,5.0
-0.2440171241760254,4.0
1.1663954257965088,0.5
-1.9730277061462402,5.0
1.2797727584838867,2.5
0.5895533561706543,0.5
-0.6928937435150146,1.5
-1.4488654136657715,6.0
0.3158402442932129,3.5
-0.10425519943237305,4.5
0.09467744827270508,1.5
-1.0954289436340332,1.5
-0.24388599395751953,5.5
-0.8003478050231934,4.0
-0.3510708808898926,4.5
-1.4428062438964844,6.0
-0.2823219299316406,4.0
-1.3180923461914062,6.0
-1.7088642120361328,5.0
-1.81691312789917,5.0
-1.06380033493042,6.0
-0.5945591926574707,6.0
0.03481435775756836,3.5
0.018012285232543945,1.0
-1.0673632621765137,5.5
-1.765427589416504,6.0
-0.07181930541992188,1.5
-2.0824551582336426,5.0
-1.1145362854003906,5.5
-0.9608807563781738,4.0
1.4759011268615723,2.5
1.1334466934204102,3.0
0.6710238456726074,0.5
-0.9896144866943359,6.0
0.7116668224334717,0.5
1.8143372535705566,2.5
0.7303466796875,3.0
1.2672877311706543,2.5
0.0020051002502441406,2.0
1.2812271118164062,2.5
0.2506561279296875,1.0
-0.9158873558044434,5.5
-0.8205423355102539,5.5
-0.2534360885620117,2.0
-0.07094049453735352,3.5
-0.19910240173339844,1.0
-0.018457889556884766,2.0
-0.5117583274841309,4.0
1.038487434387207,3.0
0.03479909896850586,3.5
0.3539748191833496,3.5
-0.010200023651123047,4.5
-0.07461881637573242,1.0
-1.100757122039795,6.0
0.31142759323120117,3.5
0.026766300201416016,4.5
-0.9004788398742676,6.0
-0.7885923385620117,5.5
-0.5007243156433105,5.5
-0.1361546516418457,4.5
-0.06402158737182617,3.5
0.09671735763549805,3.5
-0.5148253440856934,1.5
-0.039041996002197266,2.0
0.8794989585876465,3.5
-0.8176865577697754,4.5
-1.8965682983398438,5.0
-0.08217239379882812,2.0
-2.005814552307129,5.0
1.451880931854248,2.5
0.1343388557434082,4.5
0.5036654472351074,3.0
-0.39071226119995117,4.0
-1.327596664428711,6.0
0.02419567108154297,3.0
-0.6754822731018066,4.5
0.6167259216308594,0.5
-0.014813899993896484,4.5
-0.6131067276000977,1.5
-0.0023322105407714844,1.5
-2.2446837425231934,5.0
0.607396125793457,3.0
0.06282567977905273,3.5
0.1953568458557129,0.5
-1.8513340950012207,5.0
-1.8687019348144531,6.0
-0.19444966316223145,1.0
0.00176239013671875,2.0
1.606015682220459,2.5
-0.31383275985717773,1.5
1.0026540756225586,3.0
0.38048601150512695,3.0
-2.05397367477417,5.0
-1.7855477333068848,5.0
-0.49298667907714844,5.5
-0.423586368560791,4.0
-0.024215221405029297,6.0
0.39196324348449707,0.5
0.21511268615722656,3.0
0.1202390193939209,1.5
1.0319581031799316,3.0
0.44303274154663086,3.5
0.32471179962158203,0.5
0.4442324638366699,1.0
-1.9818472862243652,5.0
-0.24052095413208008,4.0
-2.0072479248046875,6.0
0.20489931106567383,4.5
-0.649146556854248,6.0
-1.8453288078308105,5.0
0.13067913055419922,2.0
-0.689786434173584,5.5
-0.17170047760009766,1.5
-0.07055473327636719,2.0
0.032774925231933594,4.5
0.049544334411621094,3.5
-0.0953054428100586,1.0
-0.021109580993652344,2.0
0.5342693328857422,3.5
-0.8439426422119141,5.5
-0.23778748512268066,1.5
0.22808837890625,3.5
-0.37253546714782715,1.5
0.36985349655151367,3.5
0.4073507785797119,0.5
-1.2677655220031738,5.5
0.32012200355529785,0.5
0.05569648742675781,4.5
-1.1617398262023926,5.5
0.26003551483154297,1.0
-0.05341291427612305,2.0
0.19495439529418945,2.0
0.5851054191589355,3.0
-0.23430609703063965,1.5
-0.8942561149597168,4.5
-1.9596314430236816,6.0
-0.32300329208374023,4.5
0.10144853591918945,2.0
-0.8296241760253906,4.0
-0.9201765060424805,1.5
0.642723560333252,3.0
0.7421555519104004,3.0
0.532325267791748,4.5
1.1912083625793457,2.5
-0.2724623680114746,3.5
-0.738415002822876,1.5
-0.2761998176574707,4.5
0.2750115394592285,3.5
1.0494704246520996,2.5
0.5335798263549805,3.0
0.5145583152770996,3.0
-0.046128273010253906,1.0
0.6809983253479004,3.0
-0.18662357330322266,4.0
-0.0323948860168457,2.0
-0.12891912460327148,2.0
0.15948700904846191,1.0
1.4146995544433594,2.5
-1.7708888053894043,5.0
0.46989011764526367,3.0
-0.37249088287353516,1.5
0.06656312942504883,4.5
-0.5563173294067383,1.5
-0.11918163299560547,1.0
1.677250862121582,2.5
0.2792019844055176,0.5
0.3574848175048828,0.5
-0.33969688415527344,4.5
-0.6306076049804688,4.0
-0.5108671188354492,4.5
-0.12362813949584961,2.0
0.2802116870880127,0.5
-0.02982950210571289,2.0
-0.546959400177002,1.5
-0.7018513679504395,4.0
-1.7933716773986816,5.0
0.330899715423584,3.0
0.8813540935516357,0.5
-0.13277912139892578,3.5
-0.5377049446105957,4.0
0.38547658920288086,4.5
-1.4587640762329102,6.0
0.058267831802368164,1.0
0.6263413429260254,3.5
-0.7912359237670898,5.5
-0.1722121238708496,4.5
0.007412910461425781,4.5
0.41235876083374023,0.5
0.14636516571044922,2.0
0.7439923286437988,4.5
-1.1808152198791504,5.5
-1.5032086372375488,6.0
-0.09187650680541992,1.0
-0.20339727401733398,2.0
-0.27372264862060547,1.0
-1.8413214683532715,5.0
-0.342252254486084,4.0
-0.7081480026245117,5.5
-0.002045869827270508,1.5
1.4082999229431152,2.5
0.534273624420166,3.0
-0.563514232635498,4.0
-1.4863691329956055,5.0
-1.4877095222473145,5.0
1.6812901496887207,3.0
0.8588500022888184,3.0
1.0658583641052246,2.5
-1.3238825798034668,6.0
0.809328556060791,4.5
-1.7560296058654785,5.0
-0.05173540115356445,4.5
0.9234185218811035,2.5
0.016797542572021484,3.5
-0.47302818298339844,1.5
1.9874215126037598,2.5
0.13226985931396484,4.5
1.7074742317199707,2.5
0.05973339080810547,3.5
-1.5196003913879395,6.0
0.7326903343200684,0.5
-1.1713438034057617,5.5
-0.1453256607055664,1.5
0.5118436813354492,0.5
-0.060436248779296875,2.0
0.7215886116027832,3.0
-1.0431809425354004,5.5
0.04581117630004883,4.0
-1.8930320739746094,5.0
0.5325703620910645,0.5
-0.10242795944213867,3.5
-0.2376084327697754,4.5
0.79111647605896,0.5
-0.05487680435180664,1.0
-0.2386188507080078,1.5
-0.6972050666809082,4.0
1.4111442565917969,2.5
-0.38036251068115234,6.0
0.42220115661621094,3.5
-0.44065380096435547,1.5
-1.1875224113464355,6.0
0.6063122749328613,0.5
0.36281824111938477,3.5
0.16286373138427734,2.0
0.049204349517822266,2.0
-0.8577389717102051,5.5
-0.5131077766418457,4.0
0.3663763999938965,3.0
-0.865999698638916,5.5
-2.3389086723327637,5.0
-0.1793217658996582,4.0
-2.3081564903259277,5.0
-0.42622995376586914,4.0
-0.038930416107177734,1.0
-1.3357791900634766,6.0
-1.7822680473327637,5.0
0.0020051002502441406,2.0
1.177243709564209,2.5
-0.22534418106079102,2.0
-0.07148933410644531,1.5
-1.656287670135498,5.0
1.0070319175720215,2.5
0.8722271919250488,3.0
1.7711358070373535,2.5
1.1166119575500488,3.0
-1.3385047912597656,5.5
-0.9630608558654785,5.5
0.21215248107910156,3.5
-0.6350903511047363,4.5
-0.07546758651733398,3.5
-0.9631967544555664,5.5
-0.666473388671875,6.0
-0.1644144058227539,4.5
1.1994633674621582,2.5
-0.2400665283203125,4.0
-0.15163278579711914,2.0
0.2024996280670166,1.5
-1.1522269248962402,6.0
0.652869701385498,0.5
-0.20818710327148438,1.5
0.18380331993103027,1.0
1.006615161895752,3.0
0.05952167510986328,1.0
1.5562348365783691,2.5
-0.33570241928100586,4.5
-0.7070331573486328,5.5
-1.2014546394348145,5.5
-1.1386356353759766,4.0
-0.9572668075561523,4.0
-1.377182960510254,6.0
0.8824715614318848,2.5
0.05138206481933594,1.0
-2.1173243522644043,6.0
1.3776803016662598,2.5
0.1268477439880371,1.0
-0.33869218826293945,4.5
0.459730863571167,0.5
1.8706021308898926,2.5
0.9703755378723145,2.5
-0.39741086959838867,6.0
-1.1485791206359863,5.5
0.11600637435913086,3.0
0.1190938949584961,3.5
-1.3656201362609863,5.5
0.4216041564941406,3.5
0.41910386085510254,1.0
-0.18616294860839844,1.0
-0.10168266296386719,2.0
0.0869302749633789,3.5
0.05901670455932617,4.5
-0.14272069931030273,2.0
-1.7847533226013184,6.0
0.3233637809753418,4.5
0.08242273330688477,3.5
-0.4659743309020996,1.5
0.4817390441894531,0.5
-0.9841303825378418,5.5
0.07196044921875,3.5
-0.1818094253540039,2.0
0.5327486991882324,3.0
0.1574873924255371,4.5
0.27844762802124023,3.0
-1.303234577178955,6.0
-1.8813986778259277,5.0
0.1748826503753662,1.5
-0.9476542472839355,1.5
0.2420368194580078,1.5
-0.37132978439331055,1.0
-0.008219718933105469,2.0
-2.1948046684265137,6.0
1.4173336029052734,2.5
0.01467752456665039,2.0
0.5980038642883301,0.5
-2.130871295928955,5.0
0.7675948143005371,3.5
-1.062455654144287,5.5
0.08810710906982422,1.0
-0.3268585205078125,1.5
1.5721850395202637,2.5
-0.33209681510925293,1.0
-0.020256996154785156,4.0
0.5890793800354004,0.5
0.32479047775268555,0.5
0.5352144241333008,3.0
-0.874873161315918,4.5
-0.0908513069152832,3.5
1.2542996406555176,3.0
-2.409689426422119,6.0
1.2728667259216309,2.5
0.4709138870239258,0.5
-0.8863463401794434,6.0
0.49240946769714355,0.5
-1.223649263381958,1.5
0.07783079147338867,3.5
-0.1069798469543457,4.5
-1.962796688079834,5.0
-1.1182832717895508,5.5
0.0604703426361084,1.0
0.297335147857666,3.5
-0.7093899250030518,1.5
-0.2866055965423584,1.5
0.24815034866333008,0.5
-1.7241268157958984,5.0
0.5161957740783691,0.5
0.2555351257324219,4.5
-1.0798187255859375,4.0
-0.019936084747314453,2.0
-2.0151853561401367,5.0
0.5714383125305176,0.5
-1.1659693717956543,6.0
0.3146040439605713,0.5
-0.6647262573242188,5.5
-0.5379374027252197,1.5
-0.1355428695678711,1.0
-1.416088581085205,6.0
-0.41185593605041504,1.5
1.3532023429870605,2.5
-0.615818977355957,4.5
0.15243744850158691,0.5
1.257798671722412,2.5
0.059689998626708984,2.0
0.06054544448852539,1.0
0.38643789291381836,3.5
0.03738880157470703,2.0
-0.20249199867248535,1.0
-0.13772153854370117,2.0
0.023615360260009766,2.0
0.02994394302368164,2.0
0.47200870513916016,3.0
-0.07001638412475586,4.5
-1.6958622932434082,6.0
-0.02190113067626953,2.0
-2.426774501800537,5.0
0.14461302757263184,1.0
-0.3383641242980957,4.0
-0.4711174964904785,4.0
-0.21851491928100586,1.0
-0.8225052356719971,1.5
0.8211331367492676,3.0
-0.3680844306945801,4.0
-0.005932807922363281,3.0
0.571599006652832,1.0
-2.189143657684326,5.0
-1.0274367332458496,6.0
0.14737272262573242,1.0
0.5705106258392334,0.5
0.6215677261352539,0.5
-1.7790608406066895,5.0
0.5195095539093018,0.5
0.019565105438232422,3.5
-0.3204808235168457,4.5
-1.3942179679870605,5.5
-2.0749998092651367,6.0
0.637453556060791,6.0
0.07213211059570312,3.5
0.3967404365539551,3.5
-0.5427381992340088,1.5
0.06961488723754883,2.0
0.3362555503845215,0.5
-0.15015125274658203,1.0
1.6122241020202637,2.5
-1.8334221839904785,5.0
0.6465225219726562,0.5
-2.001589298248291,5.0
0.9662184715270996,2.5
0.26517343521118164,1.5
0.42191553115844727,0.5
-0.8792266845703125,4.0
0.3281381130218506,0.5
0.6794519424438477,3.5
1.2227139472961426,3.0
-2.181300640106201,5.0
0.432145357131958,0.5
-0.44716882705688477,1.5
-0.9147138595581055,1.5
0.4643535614013672,4.5
-2.2705931663513184,6.0
0.011617183685302734,4.5
-0.11093568801879883,3.5
0.10581588745117188,2.0
-0.09299039840698242,4.5
-1.3736538887023926,6.0
0.06505060195922852,3.5
-0.1233530044555664,1.0
0.3344569206237793,3.0
0.11586332321166992,3.0
-0.22382044792175293,1.0
0.08147621154785156,4.5
0.4347977638244629,6.0
0.39116430282592773,3.5
-0.8318853378295898,6.0
1.078887939453125,0.5
-0.13007020950317383,6.0
-0.24120616912841797,1.5
0.6664900779724121,3.0
0.24509286880493164,4.5
0.28632545471191406,1.5
0.1598048210144043,3.0
-1.7500395774841309,5.0
0.6340737342834473,4.5
-1.7321176528930664,5.0
-0.4996800422668457,4.0
0.021617412567138672,3.5
1.1266112327575684,2.5
1.4397025108337402,2.5
0.026393413543701172,1.0
-0.9014451503753662,1.5
-0.43503522872924805,4.0
0.03023672103881836,2.0
0.3887174129486084,1.0
-0.4514327049255371,6.0
-0.6137199401855469,5.5
-0.8076877593994141,6.0
-0.11326456069946289,3.5
-0.9977669715881348,4.0
-0.2295384407043457,4.5
0.016922473907470703,3.0
0.49678564071655273,3.5
-0.5442121028900146,1.5
-0.15163183212280273,2.0
-0.7755870819091797,1.5
-1.0067501068115234,5.5
-1.4132981300354004,5.5
1.5533242225646973,3.0
0.45276975631713867,0.5
0.10448217391967773,3.5
1.397139549255371,3.0
0.7576074600219727,3.0
1.2165570259094238,2.5
-0.27742624282836914,6.0
0.6040492057800293,3.0
-0.8873577117919922,5.5
-1.810460090637207,5.0
1.275001049041748,2.5
-1.9061665534973145,5.0
-0.2229466438293457,4.0
-0.21301794052124023,4.5
0.17400860786437988,0.5
0.9623260498046875,3.0
-0.10362863540649414,4.0
-0.20314741134643555,1.5
0.15708017349243164,1.5
-1.3198657035827637,5.5
-2.0659232139587402,6.0
-0.6070058345794678,1.5
0.5174510478973389,0.5
-0.9242262840270996,5.5
0.5644047260284424,0.5
-0.02399158477783203,4.0
-0.17234230041503906,1.0
-1.171727180480957,6.0
0.2898261547088623,1.0
-0.1344137191772461,2.0
0.13173627853393555,2.0
-0.7595791816711426,6.0
-0.5227866172790527,4.0
0.937462329864502,3.0
-0.8641180992126465,4.5
-1.3771157264709473,6.0
-0.4920475482940674,1.5
-0.43175268173217773,4.0
-1.65037202835083,6.0
0.2768282890319824,3.0
-0.8393888473510742,4.0
-0.10040855407714844,3.5
0.5902838706970215,3.0
0.5657687187194824,3.0
0.24162626266479492,3.0
-1.743262767791748,6.0
-1.982520580291748,5.0
0.08495092391967773,3.5
-0.29321718215942383,4.0
-0.011200428009033203,2.0
-0.036231040954589844,1.0
1.571631908416748,2.5
0.06889057159423828,2.0
0.5679526329040527,0.5
0.062432289123535156,2.0
1.410250186920166,2.5
-0.30121946334838867,4.5
-2.1004843711853027,5.0
0.9593420028686523,0.5
0.23105835914611816,0.5
1.8466238975524902,2.5
-2.186316967010498,5.0
1.0270843505859375,2.5
-1.8166484832763672,5.0
0.18042564392089844,2.0
0.0041697025299072266,1.0
0.23859119415283203,3.5
-1.1909027099609375,6.0
-0.6932854652404785,4.5
0.05851173400878906,3.5
1.296705722808838,2.5
0.4346120357513428,0.5
0.016213178634643555,1.5
-1.9346365928649902,5.0
0.892613410949707,2.5
-1.884899616241455,5.0
-0.08071517944335938,2.0
0.5049853324890137,3.0
0.3015875816345215,1.0
1.5934500694274902,3.0
-0.038071632385253906,2.0
-0.49253320693969727,4.5
-0.6206717491149902,4.5
-1.858431339263916,5.0
0.4336709976196289,3.0
-0.389772891998291,5.5
-0.4393606185913086,6.0
-0.3563542366027832,1.5
-0.47919607162475586,5.5
-0.03572654724121094,2.0
-0.4994497299194336,1.5
0.798825740814209,3.0
0.39477109909057617,0.5
0.4192628860473633,1.0
0.043100833892822266,3.5
0.39798641204833984,0.5
-0.4743311405181885,1.5
0.04973268508911133,4.5
-0.24152517318725586,4.5
-1.5831303596496582,5.0
0.5993814468383789,3.5
0.6821122169494629,2.5
0.4100480079650879,0.5
-0.1759190559387207,4.5
-0.23247957229614258,4.5
-0.028156757354736328,2.0
1.3341526985168457,2.5
1.7977824211120605,2.5
1.1026062965393066,3.0
0.03953409194946289,3.0
0.34287214279174805,3.0
-1.9904065132141113,5.0
-1.0351688861846924,1.5
0.12838411331176758,5.5
-1.1892528533935547,5.5
-1.690941333770752,5.0
0.1859278678894043,4.5
-0.31102657318115234,4.0
-0.3214716911315918,4.5
0.8261289596557617,3.0
0.2968621253967285,0.5
-0.8488636016845703,5.5
-0.741091251373291,4.0
0.6417465209960938,1.0
0.9995200634002686,0.5
-1.9422850608825684,5.0
0.11617612838745117,2.0
-1.184347152709961,4.0
-0.029674053192138672,3.5
0.6183643341064453,0.5
-1.093071460723877,4.0
0.3746476173400879,0.5
-0.667147159576416,5.5
1.0776033401489258,2.5
-1.9082179069519043,5.0
-0.39083194732666016,1.5
0.795851469039917,0.5
0.49355554580688477,0.5
-0.6229724884033203,5.5
1.2880373001098633,2.5
-2.1582446098327637,5.0
-0.308560848236084,4.5
0.3202857971191406,3.5
-0.14742231369018555,5.5
1.4455580711364746,2.5
-2.1026406288146973,5.0
1.510709285736084,2.5
0.17342591285705566,1.0
-0.5597376823425293,4.0
-1.3444499969482422,5.5
0.14231634140014648,2.0
-1.8958230018615723,6.0
-0.8061633110046387,5.5
-1.1713523864746094,6.0
-0.2815093994140625,1.5
1.4424958229064941,2.5
-0.17664766311645508,1.5
0.09482812881469727,3.0
1.6517539024353027,3.0
0.6693358421325684,3.0
1.246333122253418,2.5
0.01940011978149414,2.0
-1.1651759147644043,6.0
-0.09654092788696289,4.0
0.45621418952941895,0.5
-0.4038200378417969,1.0
0.17374324798583984,4.0
0.5568351745605469,0.5
-1.6034221649169922,5.0
0.6408920288085938,2.5
-2.179015636444092,5.0
-0.2295060157775879,4.0
-1.9287457466125488,5.0
-2.2284622192382812,5.0
0.5962495803833008,3.0
-0.975369930267334,5.5
1.3903002738952637,2.5
0.7401595115661621,3.0
-0.39066219329833984,4.0
1.0462207794189453,2.5
-0.6568021774291992,5.5
-0.22514867782592773,3.5
-1.0425543785095215,4.0
0.6941723823547363,2.5
0.058507442474365234,2.0
-0.44722795486450195,5.5
-0.19024944305419922,1.0
-0.4463534355163574,1.5
-0.17992544174194336,1.5
-1.2218070030212402,6.0
0.9107403755187988,2.5
-1.3619942665100098,6.0
-0.9581270217895508,4.0
0.10028743743896484,1.0
0.02006673812866211,2.0
-0.9549679756164551,5.5
0.47247791290283203,3.0
0.24099254608154297,3.5
0.10681629180908203,2.0
0.3006558418273926,0.5
-1.5852093696594238,5.0
0.2995128631591797,4.5
-0.5952849388122559,4.0
-0.2447202205657959,1.0
-0.25840091705322266,1.0
0.1262803077697754,4.0
1.557675838470459,2.5
-0.20601797103881836,4.0
-2.092264175415039,5.0
0.6082465648651123,0.5
0.04428911209106445,1.0
-0.005969524383544922,2.0
-0.29262208938598633,4.5
-0.05572366714477539,2.0
-0.2360093593597412,1.0
-2.06655216217041,5.0
0.3403890132904053,1.0
1.172506332397461,3.0
-1.452385425567627,6.0
-0.03625965118408203,2.0
-0.6153416633605957,4.0
0.5242371559143066,0.5
0.5336761474609375,0.5
-2.174755573272705,5.0
0.6628365516662598,3.5
1.1160993576049805,2.5
-1.45111083984375,6.0
-0.3083786964416504,4.0
-1.5933499336242676,5.0
0.02367424964904785,1.5
-0.5044245719909668,5.5
-0.01898193359375,4.0
-1.4436888694763184,5.0
2.3013815879821777,2.5
-0.10598421096801758,2.0
-1.106102466583252,5.5
-0.7512602806091309,5.5
0.7187216281890869,0.5
0.10084056854248047,1.0
-0.08491277694702148,2.0
0.9871997833251953,2.5
0.6535458564758301,3.0
0.13986825942993164,3.5
1.3955192565917969,2.5
0.18260478973388672,3.5
1.6376376152038574,2.5
-0.08715438842773438,1.5
0.6184296607971191,3.0
-0.15532732009887695,6.0
-1.8658065795898438,5.0
-0.528679370880127,4.5
-1.3938021659851074,6.0
-0.3204076290130615,1.5
0.20572900772094727,3.5
-0.08273601531982422,1.0
-2.049471378326416,5.0
0.7546048164367676,3.5
-1.8206977844238281,5.0
-1.0071721076965332,5.5
-1.6067805290222168,6.0
0.4381999969482422,0.5
-1.0549931526184082,6.0
-2.1085472106933594,5.0
-0.36362600326538086,6.0
1.2346782684326172,3.0
0.017601966857910156,1.0
0.8588871955871582,3.0
-0.14037275314331055,4.5
0.509544849395752,3.5
2.003437042236328,2.5
-1.077624797821045,6.0
0.4699714183807373,0.5
-0.2704005241394043,5.5
0.09746551513671875,2.0
-0.9055099487304688,5.5
1.2035870552062988,3.0
0.8232922554016113,3.0
-0.2879314422607422,1.0
0.2346477508544922,3.5
0.22713613510131836,2.0
-1.2674593925476074,5.0
-0.5590500831604004,4.0
-0.25792694091796875,4.5
-0.5914397239685059,4.5
0.298126220703125,4.5
-1.0528912544250488,5.5
-0.40111541748046875,1.5
0.4747142791748047,3.0
-1.0700407028198242,5.5
-0.6506514549255371,4.0
0.7420165538787842,0.5
-2.069655418395996,6.0
0.5678563117980957,3.5
-2.1998977661132812,5.0
1.0223278999328613,2.5
0.07236146926879883,2.0
0.45471835136413574,0.5
-1.9731898307800293,5.0
0.5879626274108887,0.5
-1.817026138305664,6.0
-0.14060354232788086,2.0
-1.768669605255127,5.0
-0.6288795471191406,4.0
-0.654106616973877,5.5
0.9582047462463379,2.5
-0.09421873092651367,1.0
-0.40883493423461914,4.0
0.014166116714477539,1.0
-0.6666543483734131,1.5
1.000119686126709,2.5
0.11092472076416016,3.5
0.8959469795227051,2.5
-2.2355971336364746,5.0
-0.27399301528930664,1.5
0.8563961982727051,3.0
-0.43552160263061523,5.5
1.3121275901794434,2.5
0.02991199493408203,3.5
-1.6998114585876465,5.0
0.09603548049926758,3.5
-1.051964282989502,6.0
-0.08838796615600586,3.5
-0.23309659957885742,4.5
-0.5416779518127441,5.5
-0.11052060127258301,1.5
-0.6680889129638672,5.5
-0.03494119644165039,4.5
-0.2178492546081543,6.0
-1.9310221672058105,5.0
-0.619722843170166,1.5
-0.9427876472473145,4.0
-0.9464383125305176,5.5
-0.5603213310241699,4.5
-1.4176201820373535,5.5
-0.24654531478881836,4.5
-0.9641070365905762,5.5
-0.18919134140014648,1.5
-0.9412102699279785,4.0
-1.1741986274719238,5.5
-0.7669124603271484,4.0
-2.0311408042907715,5.0
-0.6694817543029785,5.5
-0.9977335929870605,6.0
0.27390027046203613,1.0
-0.7818360328674316,4.0
1.710831642150879,2.5
-0.8464365005493164,4.0
0.05173921585083008,1.0
0.48351502418518066,0.5
0.030954599380493164,1.0
0.6279587745666504,3.0
-0.6756443977355957,5.5
-0.5585451126098633,5.5
0.30016231536865234,3.0
1.9386229515075684,2.5
0.4527411460876465,3.0
0.970402717590332,3.0
0.8710365295410156,3.0
-0.08605623245239258,4.0
-0.11214828491210938,4.0
-0.4698364734649658,1.5
0.35709667205810547,4.5
0.022238731384277344,2.0
-0.6184258460998535,5.5
-0.1860041618347168,2.0
-0.7404882907867432,1.5
-1.422520637512207,5.0
0.5404539108276367,0.5
-0.09084272384643555,4.5
0.09392642974853516,3.5
-0.11280202865600586,2.0
-1.0950438976287842,1.5
-2.2665700912475586,5.0
-0.4310288429260254,1.5
1.0748991966247559,2.5
-0.6122174263000488,4.0
-2.4246459007263184,6.0
0.01964855194091797,2.0
0.7556767463684082,3.0
0.2283768653869629,3.5
0.5061798095703125,1.5
0.093353271484375,2.0
-1.0989954471588135,1.5
-0.2170729637145996,4.5
0.3473172187805176,4.5
-0.7686729431152344,4.0
-0.7754306793212891,4.5
-2.368231773376465,5.0
1.016139030456543,2.5
-0.4174816608428955,1.5
-0.5231308937072754,5.5
-0.23585271835327148,4.0
-2.334834575653076,6.0
1.160327434539795,2.5
0.9767341613769531,3.0
-0.17331361770629883,3.5
0.5905003547668457,3.0
0.03312349319458008,1.0
-1.7030234336853027,5.0
-0.7819793224334717,1.5
-0.0567021369934082,2.0
-1.1159138679504395,4.0
0.5178794860839844,0.5
0.3536677360534668,1.0
1.4041147232055664,2.5
-2.119154453277588,6.0
0.12276935577392578,3.5
-0.7702126502990723,4.0
0.29927778244018555,3.5
-0.13792753219604492,2.0
-1.2995095252990723,5.5
0.040508270263671875,1.5
0.062016963958740234,3.5
0.53729248046875,0.5
-0.03240394592285156,1.5
0.7511987686157227,2.5
-2.140191078186035,6.0
0.35799264907836914,1.0
-0.2008514404296875,3.5
0.013083457946777344,2.0
-0.22249507904052734,4.0
0.03464198112487793,1.5
0.062071800231933594,2.0
0.26805734634399414,3.5
0.1556081771850586,4.0
-0.9276413917541504,5.5
-1.4295525550842285,6.0
0.24102115631103516,1.0
0.03203248977661133,2.0
-1.6830058097839355,5.0
-0.6507163047790527,4.0
0.018652915954589844,1.0
-0.4177250862121582,4.5
0.10356712341308594,2.0
0.5599367618560791,0.5
-1.2949137687683105,6.0
0.5532910823822021,0.5
-0.12333393096923828,2.0
-1.0172858238220215,4.0
-0.1547551155090332,4.5
-0.8275146484375,4.0
-0.3561100959777832,1.5
0.35984015464782715,0.5
-1.378927230834961,6.0
-0.8265352249145508,5.5
-0.45443201065063477,4.0
-1.147627353668213,6.0
1.4461264610290527,2.5
-0.21970224380493164,1.0
0.4703826904296875,1.0
0.8109374046325684,3.0
0.4909853935241699,1.5
-0.48726511001586914,4.0
-0.04666566848754883,2.0
-1.8182244300842285,5.0
-0.6717281341552734,6.0
0.37148165702819824,1.0
0.39834070205688477,0.5
-1.909787654876709,5.0
-0.056797027587890625,2.0
0.7301650047302246,3.0
0.16318273544311523,4.0
-0.05378293991088867,2.0
0.3156559467315674,0.5
1.2398619651794434,2.5
0.2739903926849365,0.5
-0.08474540710449219,2.0
0.39557337760925293,1.0
-0.19348859786987305,6.0
1.0771684646606445,2.5
0.3203773498535156,3.5
1.554593563079834,2.5
-0.5953006744384766,5.5
2.075788974761963,2.5
-0.5825304985046387,4.0
-0.004374980926513672,2.0
-0.42750048637390137,1.5
0.23030567169189453,4.5
0.41563940048217773,3.0
-2.0112814903259277,6.0
0.44762277603149414,0.5
-1.3636140823364258,6.0
0.22318744659423828,2.0
-0.5946378707885742,4.0
-2.2437663078308105,5.0
-0.2241959571838379,1.5
-1.3830633163452148,4.0
1.0056748390197754,3.0
0.41254091262817383,0.5
0.9910273551940918,3.0
-0.43576836585998535,1.5
0.9862842559814453,0.5
-0.20316648483276367,1.0
-0.5910735130310059,6.0
-1.797924518585205,5.0
0.3122744560241699,4.5
0.2659759521484375,1.0
-0.5713686943054199,4.5
1.4215550422668457,2.5
-2.196178436279297,5.0
0.8920454978942871,2.5
0.8616933822631836,3.5
-0.35205984115600586,5.5
0.04821157455444336,1.5
-0.6025662422180176,5.5
-0.8363504409790039,4.0
-0.04190969467163086,3.5
-1.5016131401062012,6.0
0.01966571807861328,2.0
-1.246335506439209,5.0
-2.1585636138916016,5.0
-2.136077404022217,5.0
0.18013620376586914,3.5
0.12596607208251953,1.5
-0.02349376678466797,2.0
0.14127016067504883,1.0
-2.4416608810424805,6.0
-1.2520790100097656,5.5
0.15525245666503906,2.0
-0.8095149993896484,5.5
0.3233656883239746,1.5
0.5817370414733887,3.5
-0.0985417366027832,4.5
-0.42353153228759766,4.0
0.42385339736938477,1.0
-0.06300640106201172,1.0
-0.6081252098083496,4.5
0.6086525917053223,3.5
-0.7441296577453613,5.5
-0.3392314910888672,4.5
0.7129395008087158,0.5
1.5734591484069824,2.5
1.0014491081237793,3.5
-1.3723926544189453,5.5
0.25658464431762695,0.5
0.5593047142028809,3.5
-0.8617053031921387,1.5
0.7353200912475586,4.5
-0.4152998924255371,1.5
-1.7263736724853516,5.0
-1.069826602935791,6.0
0.14684081077575684,1.0
-1.4823589324951172,5.0
-0.14712142944335938,2.0
-0.2102952003479004,4.0
-0.09909677505493164,4.0
0.30258703231811523,1.0
0.2779073715209961,3.5
0.024360179901123047,3.5
-1.1899914741516113,6.0
-0.4078526496887207,4.5
-0.07720232009887695,3.5
0.0305328369140625,2.0
0.4519691467285156,3.0
-0.7945394515991211,4.0
0.8283810615539551,3.5
1.7861475944519043,2.5
0.9793593883514404,0.5
-1.3352546691894531,5.5
0.13470792770385742,3.0
0.5971875190734863,3.0
0.6187801361083984,1.0
-0.2393050193786621,1.0
0.32857680320739746,1.0
0.07379674911499023,3.5
-0.1737837791442871,2.0
-0.7323031425476074,4.0
-0.13074803352355957,1.5
-1.0622997283935547,1.5
1.842273235321045,2.5
1.3637819290161133,2.5
-0.27423095703125,4.5
-1.2688426971435547,6.0
-2.3640236854553223,6.0
1.565539836883545,2.5
0.08475303649902344,2.0
-0.23075056076049805,1.0
-0.06066465377807617,2.0
0.011889219284057617,1.0
-0.028469562530517578,2.0
1.191420078277588,2.5
0.024392127990722656,2.0
-1.359084129333496,6.0
-0.11248540878295898,3.5
-0.9241843223571777,5.5
-0.4169931411743164,4.0
-0.34324216842651367,4.0
-0.7617244720458984,5.5
-1.2746572494506836,5.5
0.4843151569366455,0.5
0.48709964752197266,3.0
0.6358428001403809,3.0
0.061777591705322266,2.0
-0.38713884353637695,4.5
0.2951512336730957,3.5
-0.16442275047302246,1.0
1.0629167556762695,2.5
2.374497890472412,2.5
0.3609433174133301,1.0
-0.24277639389038086,2.0
1.8360862731933594,2.5
-0.0352635383605957,2.0
0.9503450393676758,2.5
0.4516639709472656,0.5
0.2649049758911133,4.0
-0.9668998718261719,5.5
0.202117919921875,1.0
-0.33464574813842773,4.5
0.020702123641967773,1.0
-0.9158673286437988,4.5
